Workbook

Sheet Simulador Península
B2: SIMULADOR UNIFICADO - PENÍNSULA Y BALEARES
B4: 1. DATOS DE ENTRADA
B5: Peso Real (kg): | C5: 32
B6: Código Postal (CP): | C6: 28080
B7: Provincia: | C7: =IFERROR(VLOOKUP(LEFT(C6,2), Zonas_Logistica!A:E, 2, FALSE), "CP Inválido") -> Madrid
B10: 2. COMPARATIVA DE COSTES (CON RECARGOS INCLUIDOS)
B11: Agencia | C11: Zona Asignada | D11: Tarifa Base (€) | E11: Recargos Ocultos (€) | F11: COSTE TOTAL (€)
B12: CBL Logística | C12: =IFERROR(VLOOKUP(LEFT(C6,2), Zonas_Logistica!A:E, 3, FALSE), "-") -> 1 | D12: =IF(OR(C12="Canarias", C12="Especial"), "Ver Simulador Canarias", IFERROR(INDEX(Tarifas_CBL!B$2:G$26, MATCH(C$5, Tarifas_CBL!A$2:A$26, 1) + IF(ISNUMBER(MATCH(C$5, Tarifas_CBL!A$2:A$26, 0)), 0, 1), MATCH("Zona "&C12, Tarifas_CBL!B$1:G$1, 0)), 0)) -> 8.85 | E12: =IF(ISNUMBER(D12), D12*0.1 + D12*0.08 + 0.5, 0) -> 2.093 | F12: =IF(ISNUMBER(D12), D12+E12, "N/A") -> 10.943
B13: DHL Parcel | C13: =IFERROR(VLOOKUP(LEFT(C6,2), Zonas_Logistica!A:E, 4, FALSE), "-") -> 1 | D13: =IF(OR(C13="Canarias", C13="Especial"), "Ver Simulador Canarias", IFERROR(INDEX(Tarifas_DHL!B$2:I$23, MATCH(C$5, Tarifas_DHL!A$2:A$23, 1) + IF(ISNUMBER(MATCH(C$5, Tarifas_DHL!A$2:A$23, 0)), 0, 1), MATCH("Zona "&C13, Tarifas_DHL!B$1:I$1, 0)), 0)) -> 6.07 | E13: =IF(ISNUMBER(D13), D13*0.1015, 0) -> 0.616105 | F13: =IF(ISNUMBER(D13), D13+E13, "N/A") -> 6.686105
B14: TIPSA Economy | C14: =IFERROR(VLOOKUP(LEFT(C6,2), Zonas_Logistica!A:E, 5, FALSE), "-") -> Regional | D14: =IF(C14="No Ofertado", "No Ofertado", IFERROR(INDEX(Tarifas_TIPSA!B$2:C$11, MATCH(C$5, Tarifas_TIPSA!A$2:A$11, 1) + IF(ISNUMBER(MATCH(C$5, Tarifas_TIPSA!A$2:A$11, 0)), 0, 1), MATCH(C14, Tarifas_TIPSA!B$1:C$1, 0)), "Fuera de Rango (>50kg)")) -> 9.26 | E14: =IF(ISNUMBER(D14), D14*0.103, 0) -> 0.95378 | F14: =IF(ISNUMBER(D14), D14+E14, "N/A") -> 10.21378

Sheet Simulador Canarias
B2: SIMULADOR ESPECIAL CANARIAS (DUA + PORTES)
B4: 1. DATOS DE ENTRADA | E4: PARÁMETROS DE ADUANA (DUA)
B5: Peso Real (kg): | C5: 45 | E5: DUA exportación CBL (€): | F5: 22 | G5: Fijo según contrato
B6: Código Postal Destino: | C6: 38001 | E6: DUA DHL Bajo Valor (S/N): | F6: N | G6: S = 5€, N = 23.50€
B8: Tipo de Isla (CBL): | C8: =IF(OR(AND(VALUE(C6)>=35000, VALUE(C6)<=35499), AND(VALUE(C6)>=38000, VALUE(C6)<=38699)), "Islas Mayores", "Islas Menores") -> Islas Mayores | E8: Reexpedición (DHL): | F8: =IF(OR(AND(VALUE(C6)>=38001, VALUE(C6)<=38010), AND(VALUE(C6)>=35001, VALUE(C6)<=35018)), "Directa (Capital)", IF(OR(AND(VALUE(C6)>=38100, VALUE(C6)<=38699), AND(VALUE(C6)>=35100, VALUE(C6)<=35499)), "Pueblo", "Interislas")) -> Directa (Capital)
B11: 2. COMPARATIVA DE COSTES (PORTES + RECARGOS + DUA)
B12: Agencia / Servicio | C12: Coste Porte Base (€) | D12: Recargos Ocultos (€) | E12: Gasto Aduana DUA (€) | F12: COSTE TOTAL (€)
B13: CBL Logística (Marítimo) | C13: =IFERROR(INDEX(Tarifas_CBL_Canarias!B$2:C$27, MATCH(C$5, Tarifas_CBL_Canarias!A$2:A$27, 1) + IF(ISNUMBER(MATCH(C$5, Tarifas_CBL_Canarias!A$2:A$27, 0)), 0, 1), IF(C8="Islas Mayores", 1, 2)), 0) -> 36.49 | D13: =C13*0.1 + C13*0.08 + 0.5 -> 7.0682 | E13: =F5 -> 22 | F13: =C13+D13+E13 -> 65.5582
B14: DHL Parcel (Marítimo) | C14: =IFERROR(INDEX(Tarifas_DHL_Canarias!B$2:B$22, MATCH(C$5, Tarifas_DHL_Canarias!A$2:A$22, 1) + IF(ISNUMBER(MATCH(C$5, Tarifas_DHL_Canarias!A$2:A$22, 0)), 0, 1)), 0) + IF(F8="Pueblo", IFERROR(INDEX(Tarifas_DHL_Canarias!D$2:D$22, MATCH(C$5, Tarifas_DHL_Canarias!A$2:A$22, 1) + IF(ISNUMBER(MATCH(C$5, Tarifas_DHL_Canarias!A$2:A$22, 0)), 0, 1)), 0), IF(F8="Interislas", IFERROR(INDEX(Tarifas_DHL_Canarias!E$2:E$22, MATCH(C$5, Tarifas_DHL_Canarias!A$2:A$22, 1) + IF(ISNUMBER(MATCH(C$5, Tarifas_DHL_Canarias!A$2:A$22, 0)), 0, 1)), 0), 0)) -> 141.19 | D14: =C14*0.1015 -> 14.330785 | E14: =IF(UPPER(F6)="S", 5, 23.5) -> 23.5 | F14: =C14+D14+E14 -> 179.02078
B15: DHL Parcel (Aéreo) | C15: =IFERROR(INDEX(Tarifas_DHL_Canarias!C$2:C$22, MATCH(C$5, Tarifas_DHL_Canarias!A$2:A$22, 1) + IF(ISNUMBER(MATCH(C$5, Tarifas_DHL_Canarias!A$2:A$22, 0)), 0, 1)), 0) + IF(F8="Pueblo", IFERROR(INDEX(Tarifas_DHL_Canarias!D$2:D$22, MATCH(C$5, Tarifas_DHL_Canarias!A$2:A$22, 1) + IF(ISNUMBER(MATCH(C$5, Tarifas_DHL_Canarias!A$2:A$22, 0)), 0, 1)), 0), IF(F8="Interislas", IFERROR(INDEX(Tarifas_DHL_Canarias!E$2:E$22, MATCH(C$5, Tarifas_DHL_Canarias!A$2:A$22, 1) + IF(ISNUMBER(MATCH(C$5, Tarifas_DHL_Canarias!A$2:A$22, 0)), 0, 1)), 0), 0)) -> 331.94 | D15: =C15*0.1015 -> 33.69191 | E15: =IF(UPPER(F6)="S", 5, 23.5) -> 23.5 | F15: =C15+D15+E15 -> 389.13191
B16: TIPSA Economy | C16: Sin datos en contrato | D16: - | E16: 30 | F16: N/A

Sheet Zonas_Logistica
A1: Prefijo CP | B1: Provincia | C1: Zona CBL | D1: Zona DHL | E1: Zona TIPSA
A2: 01 | B2: Álava | C2: 3 | D2: 4 | E2: Peninsular
A3: 02 | B3: Albacete | C3: 2 | D3: 3 | E3: Peninsular
A4: 03 | B4: Alicante | C4: 3 | D4: 3 | E4: Peninsular
A5: 04 | B5: Almería | C5: 4 | D5: 5 | E5: Peninsular
A6: 05 | B6: Ávila | C6: 2 | D6: 2 | E6: Peninsular
A7: 06 | B7: Badajoz | C7: 3 | D7: 3 | E7: Peninsular
A8: 07 | B8: Baleares | C8: 6 | D8: 7 | E8: No Ofertado
A9: 08 | B9: Barcelona | C9: 4 | D9: 4 | E9: Peninsular
A10: 09 | B10: Burgos | C10: 2 | D10: 3 | E10: Peninsular
A11: 10 | B11: Cáceres | C11: 3 | D11: 3 | E11: Peninsular
A12: 11 | B12: Cádiz | C12: 5 | D12: 5 | E12: Peninsular
A13: 12 | B13: Castellón | C13: 3 | D13: 3 | E13: Peninsular
... A35: 34 | B35: Palencia | C35: 3 | D35: 4 | E35: Peninsular
A36: 35 | B36: Las Palmas | C36: Canarias | D36: Canarias | E36: No Ofertado
A37: 36 | B37: Pontevedra | C37: 4 | D37: 5 | E37: Peninsular
A38: 37 | B38: Salamanca | C38: 3 | D38: 3 | E38: Peninsular
A39: 38 | B39: S.C. Tenerife | C39: Canarias | D39: Canarias | E39: No Ofertado
A40: 39 | B40: Cantabria | C40: 4 | D40: 4 | E40: Peninsular
A41: 40 | B41: Segovia | C41: 2 | D41: 2 | E41: Peninsular
A42: 41 | B42: Sevilla | C42: 3 | D42: 5 | E42: Peninsular
A43: 42 | B43: Soria | C43: 4 | D43: 3 | E43: Peninsular
A44: 43 | B44: Tarragona | C44: 4 | D44: 4 | E44: Peninsular
A45: 44 | B45: Teruel | C45: 4 | D45: 3 | E45: Peninsular
A46: 45 | B46: Toledo | C46: 2 | D46: 2 | E46: Peninsular
A47: 46 | B47: Valencia | C47: 2 | D47: 3 | E47: Peninsular
A48: 47 | B48: Valladolid | C48: 2 | D48: 3 | E48: Peninsular
A49: 48 | B49: Bizkaia | C49: 4 | D49: 4 | E49: Peninsular
A50: 49 | B50: Zamora | C50: 3 | D50: 4 | E50: Peninsular
A51: 50 | B51: Zaragoza | C51: 2 | D51: 3 | E51: Peninsular
A52: 51 | B52: Ceuta | C52: Especial | D52: Especial | E52: No Ofertado
A53: 52 | B53: Melilla | C53: Especial | D53: Especial | E53: No Ofertado

Sheet Tarifas_CBL
A1: Hasta Kg | B1: Zona 1 | C1: Zona 2 | D1: Zona 3 | E1: Zona 4 | F1: Zona 5 | G1: Zona 6
A2: 10 | B2: 5.67 | C2: 6.8 | D2: 7.18 | E2: 7.45 | F2: 7.88 | G2: 17.79
A3: 20 | B3: 6.62 | C3: 7.25 | D3: 7.8 | E3: 8.56 | F3: 9.07 | G3: 20.74
A4: 30 | B4: 9.53 | C4: 7.64 | D4: 8.82 | E4: 10.55 | F4: 11.21 | G4: 26.88
A5: 40 | B5: 8.85 | C5: 10.42 | D5: 11.24 | E5: 12.23 | F5: 12.95 | G5: 32.38
A6: 50 | B6: 9.94 | C6: 11.98 | D6: 12.91 | E6: 14.28 | F6: 15.12 | G6: 37.03
A7: 60 | B7: 11.07 | C7: 13.52 | D7: 14.63 | E7: 16.51 | F7: 17.5 | G7: 41.75
A8: 70 | B8: 12.26 | C8: 15.17 | D8: 16.76 | E8: 18.62 | F8: 19.72 | G8: 46.48
A9: 80 | B9: 17.01 | C9: 18.62 | D9: 13.2 | E9: 20.2 | F9: 21.42 | G9: 51.2
A10: 90 | B10: 13.95 | C10: 18.81 | D10: 20.54 | E10: 21.63 | F10: 22.93 | G10: 55.71
A11: 100 | B11: 15.09 | C11: 20.47 | D11: 22.33 | E11: 22.98 | F11: 24.36 | G11: 60.65
A12: 125 | B12: 16.3 | C12: 22.06 | D12: 24.12 | E12: 25.37 | F12: 27.3 | G12: 68.99
A13: 150 | B13: 18.57 | C13: 24.12 | D13: 27.44 | E13: 30.8 | F13: 32.82 | G13: 80.31
... A26: 1000 | B26: 70.29 | C26: 137.83 | D26: 137.83 | E26: 165.4 | F26: 173.66 | G26: 357.25

Sheet Tarifas_DHL
A1: Hasta Kg | B1: Zona 1 | C1: Zona 2 | D1: Zona 3 | E1: Zona 4 | F1: Zona 5 | G1: Zona 6 | H1: Zona 7 | I1: Zona 0 (1) | J1: Zona 6 (1)
A2: 1 | B2: 3.92 | C2: 3.92 | D2: 3.92 | E2: 3.92 | F2: 3.92 | G2: 3.92 | H2: 6.42 | I2: 120.52 | J2: 28.05
A3: 5 | B3: 4 | C3: 4.13 | D3: 4.18 | E3: 4.18 | F3: 4.13 | G3: 4.24 | H3: 6.42 | I3: 129.13 | J3: 28.05
A4: 10 | B4: 4.37 | C4: 4.51 | D4: 4.51 | E4: 4.41 | F4: 4.12 | G4: 4.87 | H4: 6.42 | I4: 125.51 | J4: 35.57
A5: 20 | B5: 4.37 | C5: 6.5 | D5: 6.9 | E5: 6.9 | F5: 5.5 | G5: 8.78 | H5: 14.1 | I5: 147.61 | J5: 45.07
A6: 30 | B6: 5.14 | C6: 7.34 | D6: 9.15 | E6: 9.25 | F6: 11.3 | G6: 18.41 | H6: 18.41 | I6: 184.35 | J6: 59.51
A7: 40 | B7: 6.07 | C7: 8.65 | D7: 11.13 | E7: 11.18 | F7: 13.84 | G7: 22.3 | H7: 22.55 | I7: 264.35 | J7: 67.58
A8: 50 | B8: 6.9 | C8: 11.17 | D8: 12.72 | E8: 12.72 | F8: 15.83 | G8: 25.61 | H8: 25.61 | I8: 351.54 | J8: 77.6
A9: 60 | B9: 7.75 | C9: 11.19 | D9: 12.6 | E9: 14.34 | F9: 14.34 | G9: 17.85 | H9: 28.86 | I9: 396.5 | J9: 84.54
A10: 70 | B10: 8.6 | C10: 12.46 | D10: 14.02 | E10: 15.97 | F10: 15.97 | G10: 19.86 | H10: 32.12 | I10: 448.2 | J10: 97.43
A11: 80 | B11: 12.54 | C11: 18.19 | D11: 20.46 | E11: 20.71 | F11: 20.71 | G11: 28.97 | H11: 46.87 | I11: 405.58 | J11: 107.32
A12: 90 | B12: 13.71 | C12: 19.79 | D12: 22.26 | E12: 22.26 | F12: 22.26 | G12: 31.53 | H12: 50.98 | I12: 547.37 | J12: 116.75
A13: 100 | B13: 14.9 | C13: 21.53 | D13: 22.48 | E13: 22.48 | F13: 22.48 | G13: 34.32 | H13: 55.51 | I13: 592.48 | J13: 127.12
... A28: 1000 | B28: 100.79 | C28: 168.58 | D28: 189.64 | E28: 215.98 | F28: 237.06 | G28: 268.67 | H28: 434.49 | I28: 5097.77 | J28: 790.25

Sheet Tarifas_TIPSA
A1: Hasta Kg | B1: Regional | C1: Peninsular
A2: 1 | B2: 4.08 | C2: 4.17
A3: 3 | B3: 4.25 | C3: 4.62
A4: 5 | B4: 4.4 | C4: 4.87
A5: 10 | B5: 4.87 | C5: 5.93
A6: 15 | B6: 5.76 | C6: 8.21
A7: 20 | B7: 6.64 | C7: 10.49
A8: 30 | B8: 8.41 | C8: 15.06
A9: 35 | B9: 9.26 | C9: 17.3
A10: 40 | B10: 10.18 | C10: 19.63
A11: 50 | B11: 12.38 | C11: 25.1

Sheet Tarifas_CBL_Canarias
A1: Hasta Kg | B1: Islas Mayores | C1: Islas Menores
A2: 5 | B2: 16.21 | C2: 37.42
A3: 10 | B3: 20.26 | C3: 38.66
A4: 20 | B4: 24.33 | C4: 41.17
A5: 30 | B5: 28.38 | C5: 43.68
A6: 40 | B6: 32.44 | C6: 46.16
A7: 50 | B7: 36.49 | C7: 48.65
A8: 60 | B8: 37.83 | C8: 51.15
A9: 70 | B9: 41.89 | C9: 53.64
A10: 80 | B10: 45.95 | C10: 56.16
A11: 90 | B11: 50 | C11: 58.63
A12: 100 | B12: 54.05 | C12: 61.13
A13: 125 | B13: 59.29 | C13: 67.38
... A27: 1000 | B27: 331.06 | C27: 472.94

Sheet Tarifas_DHL_Canarias
A1: Hasta Kg | B1: Marítimo (Base) | C1: Aéreo (Base) | D1: Reexp. Pueblo | E1: Reexp. Interislas
A2: 5 | B2: 50.98 | C2: 120.13 | D2: 10.6 | E2: 23.65
A3: 10 | B3: 54.46 | C3: 125.51 | D3: 11.36 | E3: 24.9
A4: 20 | B4: 78.33 | C4: 167.61 | D4: 13.9 | E4: 25.63
A5: 30 | B5: 101.51 | C5: 218.67 | D5: 16.33 | E5: 28.06
A6: 40 | B6: 123.39 | C6: 264.33 | D6: 19.46 | E6: 30.8
A7: 50 | B7: 141.19 | C7: 331.94 | D7: 22.37 | E7: 33.18
A8: 60 | B8: 159.2 | C8: 396.5 | D8: 22.99 | E8: 35.7
A9: 70 | B9: 177.19 | C9: 448.2 | D9: 25.8 | E9: 38.12
A10: 80 | B10: 195.26 | C10: 495.53 | D10: 28 | E10: 40.6
A11: 90 | B11: 212.36 | C11: 547.37 | D11: 31.34 | E11: 43
A12: 100 | B12: 231.25 | C12: 592.48 | D12: 34.6 | E12: 45.47
A13: 125 | B13: 247.89 | C13: 707.55 | D13: 38.77 | E13: 46.12
... A22: 500 | B22: 792.96 | C22: 2807.96 | D22: 102.66 | E22: 171.9
